Customer_ID,Customer_Name,Gender,Age,Age_Group,City,State,Membership_Type,Join_Date
CUST0001,Tejus Gupta,Male,58,56+,Delhi,Delhi,Family,2023-02-21
CUST0002,Yash Savaliya,Male,26,26-35,Delhi,Delhi,Regular,2023-06-28
CUST0003,Harsh Sharma,Male,23,18-25,Hyderabad,Telangana,Family,2024-04-21
CUST0004,Sneha Vyas,Female,63,56+,Surat,Gujarat,Regular,2025-05-09
CUST0005,Arjun Das,Male,28,26-35,Chennai,Tamil Nadu,Business,2024-11-27
CUST0006,Neha Verma,Female,24,18-25,Mumbai,Maharashtra,Business,2025-02-17
CUST0007,Manish Dave,Male,20,18-25,Kolkata,West Bengal,Business,2023-09-13
CUST0008,Yash Das,Male,58,56+,Jaipur,Rajasthan,Regular,2025-01-10
CUST0009,Amit Jain,Male,60,56+,Hyderabad,Telangana,Premium,2024-08-15
CUST0010,Riya Verma,Female,35,26-35,Kolkata,West Bengal,Family,2025-01-17
CUST0011,Dev Desai,Male,60,56+,Pune,Maharashtra,Family,2023-05-27
CUST0012,Arjun Dave,Male,28,26-35,Kolkata,West Bengal,Business,2025-02-16
CUST0013,Komal Verma,Female,21,18-25,Unknown,Unknown,Business,2023-03-07
CUST0014,Pari Desai,Female,22,18-25,Hyderabad,Telangana,Premium,2024-10-06
CUST0015,Arjun Mital,Male,59,56+,Kolkata,West Bengal,Business,2023-10-20
CUST0016,Pari Sharma,Female,65,56+,Jaipur,Rajasthan,Business,2025-05-27
CUST0017,Niraj Patel,Male,32,26-35,Bangalore,Karnataka,Regular,2025-11-09
CUST0018,Piya Vyas,Female,27,26-35,Bangalore,Karnataka,Premium,2025-05-14
CUST0019,Maitrik Joshi,Male,56,56+,Bangalore,West Bengal,Regular,2025-12-19
CUST0020,Jay Desai,Female,61,56+,Surat,Gujarat,Regular,2024-06-30
CUST0021,Rohit Shah,Female,36,36-45,Chennai,Tamil Nadu,Family,2023-11-20
CUST0022,Nirav Desai,Male,50,46-55,Delhi,Delhi,Family,2024-09-03
CUST0023,Mansi Shah,Female,41,36-45,Bangalore,Karnataka,Premium,2025-12-22
CUST0024,Parth Dave,Male,19,18-25,Delhi,Delhi,Regular,2025-01-13
CUST0025,Amit Kapoor,Female,33,26-35,Jaipur,Rajasthan,Regular,2023-06-11
CUST0026,Ishan Rao,Male,52,46-55,Bangalore,Karnataka,Business,2023-09-20
CUST0027,Karan Modi,Male,51,46-55,Jaipur,Rajasthan,Business,2025-05-16
CUST0028,Parth Joshi,Female,43,36-45,Ahmedabad,Gujarat,Regular,2025-06-16
CUST0029,Mohit Shah,Male,33,26-35,Hyderabad,Telangana,Family,2023-05-12
CUST0030,Sanket Patel,Male,18,18-25,Delhi,Delhi,Business,2023-05-01
CUST0031,Aanya Desai,Female,22,18-25,Surat,Gujarat,Family,2024-05-02
CUST0032,Sneha Dave,Female,52,46-55,Bangalore,Karnataka,Family,2025-08-26
CUST0033,Avani Singh,Female,24,18-25,Delhi,Delhi,Premium,2025-06-01
CUST0034,Priya Singh,Female,64,56+,Mumbai,Maharashtra,Regular,2023-07-21
CUST0035,Mike Rao,Male,33,26-35,Hyderabad,Telangana,Premium,2024-01-25
CUST0036,Swati Patel,Female,29,26-35,Pune,Maharashtra,Regular,2025-08-05
CUST0037,Amit Shah,Male,21,18-25,Surat,Gujarat,Premium,2023-01-31
CUST0038,Aakash Singh,Male,49,46-55,Kolkata,West Bengal,Family,2024-03-13
CUST0039,Arjun Rao,Female,42,36-45,Mumbai,Maharashtra,Premium,2025-03-10
CUST0040,Vani Jain,Female,62,56+,Surat,Gujarat,Family,2025-09-23
CUST0041,Tilak Verma,Male,21,18-25,Jaipur,Rajasthan,Regular,2023-05-05
CUST0042,Mansi Joshi,Male,55,46-55,Kolkata,West Bengal,Regular,2025-10-26
CUST0043,Amit Sharma,Male,50,46-55,Ahmedabad,Delhi,Family,2024-01-16
CUST0044,Yash Patel,Male,43,36-45,Delhi,Delhi,Regular,2024-05-19
CUST0045,Mohit Dave,Male,44,36-45,Jaipur,Rajasthan,Business,2025-12-06
CUST0046,Vani Desai,Female,33,26-35,Unknown,Unknown,Premium,2025-03-21
CUST0047,Rohit Jain,Male,38,36-45,Delhi,Delhi,Regular,2023-01-20
CUST0048,Aria Mehta,Female,52,46-55,Hyderabad,Telangana,Regular,2025-11-02
CUST0049,Riya Rao,Female,33,26-35,Ahmedabad,Gujarat,Regular,2024-08-06
CUST0050,Mansi Desai,Male,60,56+,Surat,Gujarat,Family,2024-09-05
CUST0051,Tanvi Joshi,Male,34,26-35,Delhi,Delhi,Business,2023-08-08
CUST0052,Sahil Verma,Male,36,36-45,Jaipur,Rajasthan,Business,2024-03-07
CUST0053,Parth Shah,Male,50,46-55,Kolkata,West Bengal,Premium,2024-05-29
CUST0054,Mali Mehta,Female,35,26-35,Mumbai,Maharashtra,Family,2023-01-08
CUST0055,Meera Shah,Male,65,56+,Kolkata,West Bengal,Regular,2025-05-25
CUST0056,Nitin Verma,Male,62,56+,Bangalore,Karnataka,Premium,2023-03-15
CUST0057,Anita Shah,Female,26,26-35,Mumbai,Maharashtra,Family,2024-09-23
CUST0058,Anita Joshi,Female,61,56+,Hyderabad,Telangana,Family,2023-07-30
CUST0059,Preet Singh,Male,33,26-35,Bangalore,Karnataka,Family,2023-12-29
CUST0060,Kaushal Desai,Male,65,56+,Ahmedabad,Gujarat,Business,2025-04-23
CUST0061,Aarti Shah,Female,28,26-35,Delhi,Delhi,Family,2025-02-22
CUST0062,Pujan Jain,Male,30,26-35,Kolkata,West Bengal,Regular,2024-12-17
CUST0063,Milan Gupta,Male,60,56+,Hyderabad,Telangana,Business,2025-03-27
CUST0064,Isha Joshi,Female,40,36-45,Surat,Gujarat,Regular,2025-03-29
CUST0065,Yug Gupta,Male,25,18-25,Pune,Maharashtra,Regular,2024-01-01
CUST0066,Tanvi Verma,Female,56,56+,Chennai,Tamil Nadu,Regular,2024-12-08
CUST0067,Arjun Shah,Female,42,36-45,Jaipur,Rajasthan,Regular,2024-01-25
CUST0068,Agni Singh,Male,51,46-55,Surat,Gujarat,Business,2024-02-08
CUST0069,Tanvi Gupta,Female,57,56+,Ahmedabad,Gujarat,Premium,2023-09-13
CUST0070,Meet Mehta,Male,38,36-45,Chennai,Tamil Nadu,Premium,2024-08-28
CUST0071,Divya Sharma,Female,60,56+,Chennai,Tamil Nadu,Premium,2023-12-23
CUST0072,Pooja Jain,Female,53,46-55,Mumbai,Maharashtra,Business,2024-09-14
CUST0073,Isha Jain,Female,47,46-55,Kolkata,West Bengal,Family,2025-06-24
CUST0074,Harsh Desai,Female,60,56+,Delhi,Delhi,Regular,2024-08-04
CUST0075,Kaushal Jain,Male,33,26-35,Pune,Maharashtra,Regular,2024-04-05
CUST0076,Divya Patel,Female,20,18-25,Hyderabad,Telangana,Premium,2025-08-31
CUST0077,Sahil Kapoor,Female,58,56+,Jaipur,Rajasthan,Premium,2024-02-03
CUST0078,Manish Jain,Male,43,36-45,Delhi,Telangana,Regular,2023-10-30
CUST0079,Komal Kapoor,Female,45,36-45,Hyderabad,Telangana,Regular,2023-12-27
CUST0080,Rohit Mehta,Female,53,46-55,Hyderabad,Telangana,Business,2023-09-06
CUST0081,Kavya Joshi,Female,46,46-55,Jaipur,Rajasthan,Family,2025-10-30
CUST0082,Arjun Jain,Female,65,56+,Kolkata,West Bengal,Premium,2025-07-10
CUST0083,Rohini Patel,Female,58,56+,Hyderabad,Telangana,Family,2024-07-16
CUST0084,Parth Vyas,Male,35,26-35,Ahmedabad,Gujarat,Family,2024-10-16
CUST0085,Sahil Shah,Male,27,26-35,Hyderabad,Telangana,Regular,2025-02-23
CUST0086,Meera Rao,Female,44,36-45,Chennai,Tamil Nadu,Regular,2024-11-08
CUST0087,Parth Mori,Male,31,26-35,Chennai,Tamil Nadu,Premium,2025-03-08
CUST0088,Pooja Singh,Female,48,46-55,Mumbai,Maharashtra,Family,2024-12-21
CUST0089,Kavya Mori,Male,49,46-55,Unknown,Unknown,Premium,2024-07-12
CUST0090,Nitin Devraj,Male,39,36-45,Chennai,Tamil Nadu,Regular,2023-12-05
CUST0091,Amita Desai,Female,43,36-45,Jaipur,Rajasthan,Family,2023-02-25
CUST0092,Amita Singh,Female,47,46-55,Bangalore,Karnataka,Family,2023-04-13
CUST0093,Jalpha Singh,Female,47,46-55,Ahmedabad,Gujarat,Premium,2024-11-22
CUST0094,Rahul Pandya,Male,34,26-35,Delhi,Delhi,Business,2025-08-21
CUST0095,Jay Shah,Male,32,26-35,Delhi,Delhi,Family,2023-03-24
CUST0096,Sneha Mehta,Female,19,18-25,Jaipur,Rajasthan,Regular,2023-11-09
CUST0097,Sahil Gupta,Female,54,46-55,Hyderabad,Telangana,Family,2025-08-10
CUST0098,Jalpha Mehta,Female,56,56+,Jaipur,Rajasthan,Regular,2023-08-23
CUST0099,Yash Desai,Female,55,46-55,Mumbai,Maharashtra,Premium,2024-09-30
CUST0100,Yash Pandya,Male,63,56+,Hyderabad,Telangana,Regular,2023-06-05
CUST0101,Keval Sharma,Male,62,56+,Pune,Maharashtra,Business,2023-09-05
CUST0102,Amita Joshi,Female,52,46-55,Chennai,Tamil Nadu,Regular,2025-01-28
CUST0103,Kavya Verma,Female,44,36-45,Kolkata,West Bengal,Family,2023-08-05
CUST0104,Manisha Iyer,Female,45,36-45,Bangalore,Karnataka,Premium,2025-12-04
CUST0105,Mohit Das,Male,45,36-45,Jaipur,Rajasthan,Business,2024-07-03
CUST0106,Yash Sharma,Female,46,46-55,Hyderabad,Telangana,Business,2025-08-09
CUST0107,Rutvik Rao,Male,19,18-25,Kolkata,West Bengal,Business,2024-10-27
CUST0108,Pali Sharma,Female,34,26-35,Ahmedabad,Gujarat,Regular,2024-07-26
CUST0109,Sneha Kapoor,Female,51,46-55,Hyderabad,Telangana,Premium,2023-06-25
CUST0110,Manisha Mori,Female,53,46-55,Hyderabad,Telangana,Premium,2025-09-02
CUST0111,Slokh Singh,Male,19,18-25,Delhi,Delhi,Business,2024-08-25
CUST0112,Nisha Joshi,Female,60,56+,Jaipur,Rajasthan,Premium,2025-01-25
CUST0113,Anita Kapoor,Female,65,56+,Surat,Gujarat,Business,2024-11-08
CUST0114,Neha Kapoor,Male,37,36-45,Pune,Maharashtra,Business,2024-04-17
CUST0115,Karina Reddy,Female,25,18-25,Surat,Gujarat,Business,2024-01-15
CUST0116,Divya Gupta,Male,64,56+,Jaipur,Rajasthan,Family,2025-12-10
CUST0117,Riya Gupta,Male,36,36-45,Hyderabad,Telangana,Family,2025-01-09
CUST0118,Meera Gupta,Male,35,26-35,Mumbai,Maharashtra,Premium,2023-04-22
CUST0119,Nisha Rao,Female,24,18-25,Mumbai,Maharashtra,Business,2024-08-05
CUST0120,Ajay Rao,Male,29,26-35,Mumbai,Maharashtra,Regular,2024-06-01
CUST0121,Yash Vyas,Male,43,36-45,Kolkata,West Bengal,Family,2023-06-01
CUST0122,Amit Reddy,Male,27,26-35,Jaipur,Rajasthan,Premium,2024-09-14
CUST0123,Jyoti Mori,Female,56,56+,Jaipur,Rajasthan,Premium,2024-04-07
CUST0124,Prem Sharma,Male,46,46-55,Pune,Maharashtra,Regular,2025-05-28
CUST0125,Ishan Patel,Male,31,26-35,Hyderabad,Telangana,Family,2024-06-25
CUST0126,Riya Shah,Female,29,26-35,Surat,Gujarat,Premium,2023-06-03
CUST0127,Pooja Shah,Male,62,56+,Jaipur,Rajasthan,Business,2025-08-20
CUST0128,Akki Desai,Male,63,56+,Pune,Maharashtra,Business,2025-07-18
CUST0129,Kansh Patel,Male,58,56+,Jaipur,Rajasthan,Family,2024-02-10
CUST0130,Priya Mehta,Female,35,26-35,Bangalore,Karnataka,Business,2023-05-27
CUST0131,Sweta Gupta,Female,46,46-55,Unknown,Unknown,Business,2025-08-17
CUST0132,Raviraj Patel,Male,50,46-55,Surat,Gujarat,Premium,2025-10-08
CUST0133,Riyo Patel,Male,65,56+,Ahmedabad,Gujarat,Regular,2024-05-27
CUST0134,Jyoti Mehta,Female,61,56+,Pune,Maharashtra,Premium,2023-03-24
CUST0135,Manish Rao,Male,35,26-35,Bangalore,Karnataka,Premium,2025-06-11
CUST0136,Meer Desai,Male,40,36-45,Chennai,Tamil Nadu,Family,2024-11-13
CUST0137,Pooja Desai,Female,39,36-45,Chennai,Tamil Nadu,Regular,2025-10-11
CUST0138,Avi Verma,Male,47,46-55,Delhi,Delhi,Premium,2024-10-06
CUST0139,Kavya Das,Male,50,46-55,Mumbai,Maharashtra,Business,2025-08-04
CUST0140,Jay Nair,Male,57,56+,Kolkata,West Bengal,Business,2025-06-24
CUST0141,Rohit Kapoor,Female,53,46-55,Bangalore,Karnataka,Regular,2024-08-12
CUST0142,Sahil Mehta,Female,19,18-25,Jaipur,Rajasthan,Regular,2024-05-05
CUST0143,Sneha Patel,Female,53,46-55,Chennai,Tamil Nadu,Regular,2023-07-10
CUST0144,Mansi Kapoor,Female,59,56+,Bangalore,Karnataka,Business,2025-10-17
CUST0145,Sneha Reddy,Male,44,36-45,Kolkata,West Bengal,Premium,2025-08-25
CUST0146,Tanvi Reddy,Male,30,26-35,Jaipur,Rajasthan,Business,2025-11-06
CUST0147,Akisha Shah,Female,44,36-45,Ahmedabad,Gujarat,Business,2025-11-05
CUST0148,Aarti Mehta,Female,55,46-55,Jaipur,Rajasthan,Premium,2025-09-29
CUST0149,Rohit Vyas,Male,40,36-45,Ahmedabad,Gujarat,Family,2025-02-11
CUST0150,Yuvraj Singh,Male,54,46-55,Chennai,Tamil Nadu,Business,2024-04-23
CUST0151,Deepak Desai,Male,65,56+,Kolkata,West Bengal,Premium,2025-02-19
CUST0152,Yash Lyer,Male,20,18-25,Bangalore,Karnataka,Premium,2025-10-25
CUST0153,Rahul Kapoor,Male,24,18-25,Surat,Gujarat,Premium,2025-07-24
CUST0154,Nisha Gupta,Female,59,56+,Bangalore,Karnataka,Premium,2023-06-03
CUST0155,Aarti Desai,Female,59,56+,Delhi,Delhi,Business,2024-11-03
CUST0156,Divya Patel,Male,58,56+,Kolkata,West Bengal,Business,2023-03-15
CUST0157,Neha Desai,Male,32,26-35,Delhi,Delhi,Premium,2025-06-07
CUST0158,Pu Verma,Male,28,26-35,Pune,Maharashtra,Business,2023-03-01
CUST0159,Vani Vyas,Female,40,36-45,Ahmedabad,Gujarat,Family,2025-06-01
CUST0160,Dev Singh,Male,28,26-35,Bangalore,Karnataka,Premium,2023-06-11
CUST0161,Rihu Desai,Female,55,46-55,Bangalore,Karnataka,Premium,2024-04-20
CUST0162,Parth Nair,Male,34,26-35,Mumbai,Maharashtra,Regular,2025-08-10
CUST0163,Mitali Singh,Female,46,46-55,Ahmedabad,Gujarat,Premium,2024-09-04
CUST0164,Aarti Rao,Male,37,36-45,Hyderabad,Telangana,Family,2025-02-26
CUST0165,Meena Gupta,Female,42,36-45,Jaipur,Rajasthan,Regular,2025-01-05
CUST0166,Rahul Reddy,Male,60,56+,Chennai,Tamil Nadu,Premium,2024-07-16
CUST0167,Sneha Desai,Male,36,36-45,Hyderabad,Telangana,Business,2024-12-22
CUST0168,Parth Kaviraj,Male,61,56+,Bangalore,Karnataka,Business,2023-07-18
CUST0169,Tanvi Mehta,Male,46,46-55,Mumbai,Maharashtra,Business,2025-01-17
CUST0170,Kavi Mehta,Female,38,36-45,Chennai,Tamil Nadu,Business,2023-12-26
CUST0171,Komal Gupta,Female,28,26-35,Pune,Maharashtra,Regular,2025-09-13
CUST0172,Jay Jain,Female,47,46-55,Delhi,Delhi,Business,2023-10-16
CUST0173,Arjun Joshi,Male,23,18-25,Chennai,Tamil Nadu,Premium,2023-01-29
CUST0174,Nitin Desai,Female,41,36-45,Pune,Maharashtra,Regular,2025-02-19
CUST0175,Rahul Sharma,Female,61,56+,Hyderabad,Telangana,Family,2025-08-23
CUST0176,Mali Kapoor,Female,59,56+,Delhi,Delhi,Premium,2025-08-08
CUST0177,Priya Gupta,Female,25,18-25,Bangalore,Karnataka,Regular,2023-04-03
CUST0178,Depali Rao,Female,24,18-25,Hyderabad,Telangana,Premium,2023-10-05
CUST0179,Manisha Patel,Female,55,46-55,Bangalore,Karnataka,Premium,2025-04-29
CUST0180,Karina Rao,Female,35,26-35,Mumbai,Maharashtra,Family,2025-01-28
CUST0181,Meera Desai,Female,41,36-45,Delhi,Delhi,Regular,2025-01-22
CUST0182,Neha Rao,Male,43,36-45,Pune,Maharashtra,Family,2024-01-24
CUST0183,Priya Verma,Male,59,56+,Jaipur,Rajasthan,Family,2023-02-13
CUST0184,Nitin Gurg,Male,54,46-55,Hyderabad,Telangana,Family,2023-05-21
CUST0185,Komal Sharma,Male,32,26-35,Ahmedabad,Gujarat,Business,2023-10-30
CUST0186,Keval Mehta,Male,27,26-35,Bangalore,Karnataka,Regular,2024-05-28
CUST0187,Komal Jain,Female,26,26-35,Mumbai,Maharashtra,Regular,2025-01-03
CUST0188,Vani Kapoor,Female,29,26-35,Pune,Maharashtra,Regular,2023-04-18
CUST0189,Rohit Verma,Male,65,56+,Delhi,Delhi,Premium,2025-09-02
CUST0190,Tanvi Desai,Female,50,46-55,Hyderabad,Telangana,Premium,2023-03-30
CUST0191,Nisha Singh,Female,59,56+,Mumbai,Maharashtra,Regular,2023-05-05
CUST0192,Pihu Patel,Female,49,46-55,Kolkata,West Bengal,Family,2023-05-31
CUST0193,Divya Desai,Female,22,18-25,Bangalore,Karnataka,Premium,2024-07-17
CUST0194,Rohini Joshi,Female,56,56+,Surat,Gujarat,Regular,2024-08-26
CUST0195,Keyur Rao,Male,62,56+,Delhi,Delhi,Premium,2024-03-16
CUST0196,Kavya Kapoor,Male,39,36-45,Kolkata,West Bengal,Business,2025-03-27
CUST0197,Anita Mehta,Female,45,36-45,Ahmedabad,Gujarat,Regular,2024-06-06
CUST0198,Kavya Patel,Female,23,18-25,Delhi,Delhi,Family,2023-07-10
CUST0199,Isha Patel,Female,53,46-55,Mumbai,Maharashtra,Business,2024-11-06
CUST0200,Pooja Sharma,Female,60,56+,Chennai,Tamil Nadu,Business,2023-04-16
CUST0201,Karinamehta,Female,24,18-25,Jaipur,Rajasthan,Family,2025-11-05
CUST0202,Neha Gupta,Male,24,18-25,Surat,Gujarat,Premium,2025-01-22
CUST0203,Divya Benerjee,Female,53,46-55,Jaipur,Rajasthan,Regular,2023-02-23
CUST0204,Mansi Verma,Female,29,26-35,Pune,Maharashtra,Regular,2024-09-24
CUST0205,Amit Mehta,Male,29,26-35,Bangalore,Karnataka,Regular,2025-03-31
CUST0206,Depali Singh,Female,65,56+,Surat,Gujarat,Business,2024-03-16
CUST0207,Tanvir Verma,Male,28,26-35,Ahmedabad,Gujarat,Regular,2024-09-30
CUST0208,Isha Pandya,Female,27,26-35,Bangalore,Karnataka,Premium,2023-04-12
CUST0209,Divya Rao,Female,60,56+,Chennai,Tamil Nadu,Business,2025-09-21
CUST0210,Ansh Singh,Male,31,26-35,Surat,Gujarat,Business,2023-08-22
CUST0211,Hony Desai,Female,61,56+,Jaipur,Rajasthan,Regular,2025-09-23
CUST0212,Ritu Jain,Female,32,26-35,Chennai,Tamil Nadu,Family,2023-04-23
CUST0213,Mike Patel,Male,26,26-35,Pune,Maharashtra,Premium,2024-08-15
CUST0214,Vikas Singh,Male,65,56+,Chennai,Tamil Nadu,Business,2023-12-26
CUST0215,Kavya Shah,Female,22,18-25,Chennai,Tamil Nadu,Regular,2023-03-28
CUST0216,Yash Singh,Female,38,36-45,Jaipur,Rajasthan,Business,2025-05-29
CUST0217,Mahi Mehta,Female,25,18-25,Chennai,Tamil Nadu,Business,2023-02-12
CUST0218,Sneha Singh,Female,23,18-25,Chennai,Tamil Nadu,Regular,2023-08-05
CUST0219,Sneha Verma,Male,43,36-45,Pune,Maharashtra,Regular,2024-11-26
CUST0220,Harshita Jain,Female,50,46-55,Delhi,Delhi,Business,2025-12-22
CUST0221,Neha Mehta,Female,64,56+,Unknown,Unknown,Family,2024-04-28
CUST0222,Jay Devraj,Male,29,26-35,Jaipur,Rajasthan,Family,2023-11-10
CUST0223,Jay Sharma,Female,58,56+,Kolkata,West Bengal,Business,2025-08-08
CUST0224,Rajavi Patel,Female,58,56+,Ahmedabad,Gujarat,Premium,2023-11-06
CUST0225,Yash Shah,Female,58,56+,Pune,Maharashtra,Regular,2024-07-16
CUST0226,Priya Shah,Female,37,36-45,Kolkata,West Bengal,Business,2025-07-14
CUST0227,Deepak Menon,Male,22,18-25,Delhi,Delhi,Premium,2025-11-04
CUST0228,Dev Rao,Male,54,46-55,Hyderabad,Telangana,Regular,2024-10-20
CUST0229,Sahil Patel,Male,46,46-55,Delhi,Delhi,Regular,2024-12-04
CUST0230,Harsh Joshi,Male,33,26-35,Kolkata,West Bengal,Business,2025-06-18
CUST0231,Kabir Verma,Male,41,36-45,Pune,Maharashtra,Business,2025-03-04
CUST0232,Meera Das,Female,22,18-25,Ahmedabad,Gujarat,Business,2023-07-13
CUST0233,Mohit Vyas,Male,34,26-35,Jaipur,Rajasthan,Business,2023-11-04
CUST0234,Divya Kapoor,Male,37,36-45,Chennai,Tamil Nadu,Business,2023-09-22
CUST0235,Nitin Mehta,Male,53,46-55,Chennai,Tamil Nadu,Premium,2024-11-03
CUST0236,Anita Gupta,Male,50,46-55,Ahmedabad,Gujarat,Family,2023-02-07
CUST0237,Shiv Mehta,Male,39,36-45,Kolkata,West Bengal,Regular,2024-01-29
CUST0238,Jay Goyal,Male,36,36-45,Delhi,Delhi,Business,2025-11-05
CUST0239,Vikas Mehta,Male,57,56+,Bangalore,Karnataka,Family,2025-02-10
CUST0240,Kaushal Benerjee,Male,64,56+,Kolkata,West Bengal,Premium,2023-03-31
CUST0241,Shree Joshi,Male,57,56+,Pune,Maharashtra,Business,2025-07-08
CUST0242,Isha Sharma,Female,48,46-55,Hyderabad,Telangana,Premium,2025-01-23
CUST0243,Harsh Singh,Male,36,36-45,Chennai,Tamil Nadu,Family,2025-10-26
CUST0244,Priya Desai,Female,56,56+,Bangalore,Karnataka,Business,2024-05-27
CUST0245,Aarti Patel,Female,53,46-55,Delhi,Delhi,Regular,2025-11-22
CUST0246,Pal Joshi,Male,28,26-35,Pune,Maharashtra,Premium,2025-07-09
CUST0247,Parth Verma,Male,23,18-25,Hyderabad,Telangana,Premium,2025-07-12
CUST0248,Anita Jain,Female,21,18-25,Chennai,Tamil Nadu,Regular,2025-10-25
CUST0249,Mahi Kavar,Female,41,36-45,Hyderabad,Telangana,Family,2023-02-27
CUST0250,Manoj Rao,Male,26,26-35,Mumbai,Maharashtra,Premium,2024-08-10
CUST0251,Pinak Patel,Male,46,46-55,Chennai,Rajasthan,Business,2023-01-11
CUST0252,Kavita Patel,Female,31,26-35,Bangalore,Karnataka,Family,2025-12-16
CUST0253,Sneha Benerjee,Female,37,36-45,Delhi,Delhi,Regular,2023-04-08
CUST0254,Manish Joshi,Male,25,18-25,Kolkata,West Bengal,Family,2023-02-03
CUST0255,Divya Verma,Male,36,36-45,Chennai,Tamil Nadu,Premium,2023-01-04
CUST0256,Aarav Patel,Male,29,26-35,Delhi,Delhi,Premium,2025-12-08
CUST0257,Ajay Gupta,Male,48,46-55,Mumbai,Maharashtra,Business,2025-03-03
CUST0258,Tanvir Desai,Male,22,18-25,Ahmedabad,Gujarat,Business,2024-05-08
CUST0259,Meera Verma,Male,26,26-35,Mumbai,Maharashtra,Premium,2024-12-22
CUST0260,Komal Mehta,Male,62,56+,Kolkata,West Bengal,Premium,2024-01-09
CUST0261,Priyansh Jain,Male,20,18-25,Pune,Maharashtra,Business,2024-02-17
CUST0262,Nirali Joshi,Female,37,36-45,Surat,Gujarat,Business,2025-03-26
CUST0263,Mahi Shah,Female,20,18-25,Hyderabad,Telangana,Business,2024-08-08
CUST0264,Parth Singh,Female,25,18-25,Ahmedabad,Gujarat,Premium,2025-06-13
CUST0265,Sahili Rao,Female,39,36-45,Bangalore,Karnataka,Business,2025-10-13
CUST0266,Kavya Sharma,Male,23,18-25,Chennai,Tamil Nadu,Business,2023-06-11
CUST0267,Mahi Desai,Female,38,36-45,Delhi,Delhi,Business,2023-06-13
CUST0268,Riya Kapoor,Female,46,46-55,Jaipur,Rajasthan,Business,2025-05-22
CUST0269,Divya Singh,Female,46,46-55,Mumbai,Maharashtra,Regular,2024-12-23
CUST0270,Harshit Kapoor,Male,22,18-25,Chennai,Tamil Nadu,Regular,2025-01-14
CUST0271,Pranay Mehta,Male,27,26-35,Jaipur,Rajasthan,Family,2025-06-16
CUST0272,Deep Sharma,Male,59,56+,Ahmedabad,Gujarat,Family,2025-01-11
CUST0273,Anita Rao,Male,61,56+,Kolkata,West Bengal,Family,2025-01-29
CUST0274,Manshi Desai,Female,51,46-55,Ahmedabad,Gujarat,Family,2025-03-26
CUST0275,Nisha Pandya,Female,25,18-25,Mumbai,Maharashtra,Regular,2024-01-17
CUST0276,Karan Sharma,Female,34,26-35,Pune,Maharashtra,Premium,2025-07-02
CUST0277,Aarti Dave,Female,30,26-35,Delhi,Delhi,Family,2023-10-05
CUST0278,Komal Desai,Female,63,56+,Kolkata,West Bengal,Business,2023-06-29
CUST0279,Parth Gupta,Male,63,56+,Delhi,Delhi,Family,2024-08-17
CUST0280,Nirav Jain,Male,41,36-45,Surat,Gujarat,Family,2024-04-04
CUST0281,Meera Sharma,Female,49,46-55,Mumbai,Maharashtra,Premium,2025-01-09
CUST0282,Amit Gupta,Female,53,46-55,Bangalore,Karnataka,Premium,2023-06-26
CUST0283,Nitin Sharma,Male,51,46-55,Chennai,Tamil Nadu,Family,2025-04-18
CUST0284,Ritu Desai,Female,38,36-45,Delhi,Delhi,Family,2025-07-10
CUST0285,Janavi Mehta,Female,53,46-55,Jaipur,Rajasthan,Regular,2024-01-08
CUST0286,Pranavmehta,Male,25,18-25,Surat,Gujarat,Business,2023-11-10
CUST0287,Harsh Gupta,Male,63,56+,Hyderabad,Telangana,Business,2024-12-09
CUST0288,Vikas Desai,Female,30,26-35,Surat,Gujarat,Regular,2024-07-16
CUST0289,Riya Desai,Female,50,46-55,Bangalore,Karnataka,Regular,2023-11-12
CUST0290,Manish Sharma,Female,19,18-25,Delhi,Delhi,Family,2023-04-04
CUST0291,Nisha Desai,Female,54,46-55,Chennai,Tamil Nadu,Business,2023-03-04
CUST0292,Pranav Rao,Male,48,46-55,Hyderabad,Telangana,Regular,2025-04-11
CUST0293,Niraj Rao,Male,28,26-35,Kolkata,West Bengal,Business,2025-05-01
CUST0294,Aarti Kapoor,Female,56,56+,Bangalore,Karnataka,Business,2024-10-02
CUST0295,Harshit Joshi,Male,43,36-45,Bangalore,Karnataka,Business,2025-01-28
CUST0296,Aditiya Rao,Male,33,26-35,Kolkata,West Bengal,Family,2023-09-08
CUST0297,Deepak Sharma,Female,24,18-25,Mumbai,Maharashtra,Family,2024-08-17
CUST0298,Karina Mehta,Female,28,26-35,Ahmedabad,Gujarat,Premium,2024-10-02
CUST0299,Rahul Patel,Female,49,46-55,Pune,Maharashtra,Premium,2025-10-15
CUST0300,Priya Mori,Female,33,26-35,Hyderabad,Telangana,Premium,2024-12-23
CUST0301,Miraj Shah,Male,56,56+,Kolkata,West Bengal,Premium,2024-08-08
CUST0302,Janavi Singh,Female,26,26-35,Pune,Maharashtra,Regular,2025-01-19
CUST0303,Anita Menon,Female,43,36-45,Mumbai,Maharashtra,Regular,2024-02-03
CUST0304,Jyoti Joshi,Female,42,36-45,Surat,Gujarat,Regular,2025-07-11
CUST0305,Anita Verma,Female,26,26-35,Delhi,Delhi,Family,2025-03-17
CUST0306,Deepak Joshi,Male,30,26-35,Jaipur,Rajasthan,Regular,2025-11-08
CUST0307,Komal Rao,Female,20,18-25,Bangalore,Karnataka,Family,2024-11-13
CUST0308,Mohit Sharma,Female,56,56+,Surat,Gujarat,Family,2023-10-14
CUST0309,Yash Verma,Female,43,36-45,Jaipur,Rajasthan,Business,2024-09-04
CUST0310,Mohit Menon,Male,48,46-55,Mumbai,Maharashtra,Premium,2025-01-24
CUST0311,Divya Das,Female,55,46-55,Pune,Maharashtra,Family,2023-02-24
CUST0312,Riya Joshi,Female,64,56+,Mumbai,Maharashtra,Family,2025-09-10
CUST0313,Yash Kapoor,Male,61,56+,Hyderabad,Telangana,Family,2023-03-06
CUST0314,Kavya Mehta,Female,19,18-25,Kolkata,West Bengal,Family,2024-10-04
CUST0315,Aaki Kapoor,Male,44,36-45,Surat,Gujarat,Family,2025-08-23
CUST0316,Isha Rao,Female,51,46-55,Hyderabad,Telangana,Business,2024-10-27
CUST0317,Mohit Joshi,Female,29,26-35,Kolkata,West Bengal,Business,2025-12-27
CUST0318,Sneha Gupta,Female,57,56+,Kolkata,West Bengal,Family,2024-01-29
CUST0319,Swati Kapoor,Female,37,36-45,Pune,Maharashtra,Business,2024-02-29
CUST0320,Pooja Patel,Female,48,46-55,Ahmedabad,Gujarat,Premium,2024-07-14
CUST0321,Priyaraj Gupta,Male,40,36-45,Bangalore,Karnataka,Business,2024-08-17
CUST0322,Kavita Jain,Female,46,46-55,Pune,Maharashtra,Business,2025-09-08
CUST0323,Sneha Shah,Male,26,26-35,Delhi,Delhi,Family,2024-05-05
CUST0324,Mohit Kapoor,Female,21,18-25,Delhi,Delhi,Regular,2025-04-26
CUST0325,Meera Mehta,Female,61,56+,Bangalore,Karnataka,Premium,2023-01-11
CUST0326,Mohit Gupta,Male,48,46-55,Hyderabad,Telangana,Regular,2024-08-11
CUST0327,Meera Kapoor,Male,59,56+,Jaipur,Rajasthan,Family,2024-04-20
CUST0328,Nitin Singh,Female,44,36-45,Bangalore,Karnataka,Family,2023-03-16
CUST0329,Rahul Gupta,Male,65,56+,Pune,Maharashtra,Business,2023-03-18
CUST0330,Nisha Mehta,Female,36,36-45,Kolkata,West Bengal,Business,2025-12-09
CUST0331,Riya Nair,Female,30,26-35,Delhi,Delhi,Business,2024-11-08
CUST0332,Tanvi Vyas,Female,63,56+,Bangalore,Karnataka,Family,2023-01-29
CUST0333,Nirali Singh,Female,29,26-35,Jaipur,Rajasthan,Regular,2025-04-10
CUST0334,Vikas Rao,Female,43,36-45,Delhi,Delhi,Family,2024-01-14
CUST0335,Sneha Rao,Female,18,18-25,Pune,Maharashtra,Business,2025-02-24
CUST0336,Arjun Desai,Female,37,36-45,Jaipur,Rajasthan,Family,2023-01-24
CUST0337,Pooja Mehta,Female,21,18-25,Delhi,Delhi,Business,2025-08-11
CUST0338,Anita Sharma,Male,62,56+,Delhi,Delhi,Family,2024-08-27
CUST0339,Ritu Kapoor,Female,26,26-35,Kolkata,West Bengal,Premium,2023-11-10
CUST0340,Jay Reddy,Male,62,56+,Surat,Gujarat,Family,2025-08-22
CUST0341,Harsh Rao,Female,61,56+,Jaipur,Rajasthan,Regular,2023-06-17
CUST0342,Nitin Benerjee,Male,54,46-55,Delhi,Delhi,Family,2023-05-07
CUST0343,Rohit Iyer,Male,28,26-35,Ahmedabad,Gujarat,Premium,2025-12-01
CUST0344,Komal Shah,Female,23,18-25,Surat,Gujarat,Family,2025-07-01
CUST0345,Yashvi Shah,Female,50,46-55,Chennai,Tamil Nadu,Business,2025-07-24
CUST0346,Arjun   Reddy,Male,64,56+,Mumbai,Maharashtra,Regular,2025-03-21
CUST0347,Sahil Vyas,Male,20,18-25,Chennai,Tamil Nadu,Regular,2024-12-06
CUST0348,Kavya Benerjee,Male,48,46-55,Mumbai,Maharashtra,Premium,2024-08-10
CUST0349,Aarti Singh,Female,41,36-45,Chennai,Tamil Nadu,Regular,2025-07-07
CUST0350,Manish Menon,Male,61,56+,Surat,Gujarat,Family,2023-09-30
CUST0351,Vikas Iyer,Male,52,46-55,Jaipur,Tamil Nadu,Regular,2025-12-19
CUST0352,Isha Kapoor,Female,19,18-25,Pune,Maharashtra,Premium,2025-08-06
CUST0353,Anita Devgun,Female,32,26-35,Hyderabad,Telangana,Family,2025-08-01
CUST0354,Komal Dave,Female,64,56+,Delhi,Delhi,Regular,2023-03-07
CUST0355,Neha Sharma,Male,33,26-35,Hyderabad,Telangana,Premium,2023-05-18
CUST0356,Tanvi Shah,Female,56,56+,Mumbai,Maharashtra,Premium,2024-05-16
CUST0357,Jay Menon,Male,32,26-35,Surat,Gujarat,Business,2024-03-20
CUST0358,Yashvi Sharma,Female,32,26-35,Jaipur,Rajasthan,Family,2024-10-15
CUST0359,Doli Singh,Female,37,36-45,Bangalore,Karnataka,Business,2025-12-03
CUST0360,Manish Desai,Female,21,18-25,Surat,Gujarat,Premium,2023-12-25
CUST0361,Komal Joshi,Female,21,18-25,Ahmedabad,Gujarat,Premium,2025-02-19
CUST0362,Deepak Mehta,Female,44,36-45,Bangalore,Karnataka,Family,2024-09-06
CUST0363,Yug Rao,Male,32,26-35,Pune,Maharashtra,Premium,2023-10-23
CUST0364,Virat Singh,Male,44,36-45,Surat,Gujarat,Business,2025-12-21
CUST0365,Mansi Rao,Female,31,26-35,Ahmedabad,Gujarat,Regular,2023-06-11
CUST0366,Arjun Menon,Male,52,46-55,Hyderabad,Telangana,Regular,2023-04-16
CUST0367,Nisha Jain,Female,30,26-35,Jaipur,Rajasthan,Business,2024-03-20
CUST0368,Tanvi Patel,Female,18,18-25,Hyderabad,Telangana,Family,2024-01-25
CUST0369,Deepak Jain,Female,62,56+,Jaipur,Rajasthan,Business,2024-02-23
CUST0370,Manish Verma,Female,42,36-45,Kolkata,West Bengal,Business,2025-12-28
CUST0371,Doli Patel,Female,41,36-45,Surat,Gujarat,Business,2025-10-15
CUST0372,Kaushal Shah,Male,31,26-35,Ahmedabad,Gujarat,Family,2024-10-02
CUST0373,Prem Mehta,Male,19,18-25,Pune,Maharashtra,Business,2025-05-05
CUST0374,Nisha Vyas,Female,32,26-35,Chennai,Tamil Nadu,Business,2024-05-18
CUST0375,Riya Kalpan,Female,49,46-55,Kolkata,West Bengal,Family,2025-08-01
CUST0376,Ravi Joshi,Male,26,26-35,Surat,Gujarat,Regular,2025-09-27
CUST0377,Kaushal Mehta,Male,22,18-25,Mumbai,Maharashtra,Regular,2023-01-14
CUST0378,Karan Joshi,Female,63,56+,Bangalore,Karnataka,Business,2023-01-19
CUST0379,Ishan Reddy,Male,21,18-25,Jaipur,Rajasthan,Regular,2025-09-16
CUST0380,Rahul Shah,Female,52,46-55,Surat,Gujarat,Business,2025-04-22
CUST0381,Kaushik Mehta,Male,19,18-25,Surat,Gujarat,Regular,2025-05-31
CUST0382,Kavita Sharma,Female,51,46-55,Bangalore,Karnataka,Business,2024-05-08
CUST0383,Anita Singh,Female,35,26-35,Chennai,Tamil Nadu,Family,2023-06-11
CUST0384,Ishan Nair,Male,62,56+,Hyderabad,Telangana,Regular,2024-09-06
CUST0385,Miraj Rao,Male,43,36-45,Chennai,Tamil Nadu,Regular,2025-02-11
CUST0386,Nisha Mori,Female,62,56+,Bangalore,Karnataka,Regular,2023-06-19
CUST0387,Karan Kapoor,Female,51,46-55,Mumbai,Maharashtra,Business,2024-04-15
CUST0388,Parthraj Joshi,Male,20,18-25,Delhi,Delhi,Family,2024-07-28
CUST0389,Yash Mehta,Female,38,36-45,Mumbai,Maharashtra,Regular,2024-02-29
CUST0390,Yashvi Menon,Female,37,36-45,Bangalore,Karnataka,Premium,2024-05-07
CUST0391,Harsh Kapoor,Female,65,56+,Bangalore,Karnataka,Regular,2023-06-10
CUST0392,Nitin Patel,Female,24,18-25,Chennai,Tamil Nadu,Premium,2024-04-20
CUST0393,Komal Reddy,Female,38,36-45,Mumbai,Maharashtra,Family,2024-07-13
CUST0394,Kavita Mehta,Female,40,36-45,Surat,Gujarat,Regular,2025-02-07
CUST0395,Sahil Banerjee,Male,57,56+,Pune,Maharashtra,Business,2024-05-19
CUST0396,Tanvi Singh,Female,27,26-35,Chennai,Tamil Nadu,Business,2023-11-12
CUST0397,Pooja Rao,Female,24,18-25,Delhi,Delhi,Business,2023-01-11
CUST0398,Riya Singh,Female,24,18-25,Bangalore,Karnataka,Premium,2023-06-28
CUST0399,Aakash Joshi,Male,24,18-25,Mumbai,Maharashtra,Business,2023-07-03
CUST0400,Kavya Singh,Male,42,36-45,Mumbai,Maharashtra,Family,2024-08-20
CUST0401,Isha Singh,Male,54,46-55,Pune,Gujarat,Family,2023-12-14
CUST0402,Nirav Mehta,Male,35,26-35,Pune,Maharashtra,Family,2024-07-03
CUST0403,Pankaj Rao,Male,45,36-45,Pune,Maharashtra,Business,2025-05-12
CUST0404,Dev Sharma,Male,34,26-35,Hyderabad,Telangana,Premium,2025-10-12
CUST0405,Rahul Singh,Female,24,18-25,Bangalore,Karnataka,Premium,2024-09-15
CUST0406,Kavya Desai,Male,39,36-45,Kolkata,West Bengal,Business,2024-11-16
CUST0407,Nisha Verma,Male,38,36-45,Jaipur,Rajasthan,Premium,2024-02-16
CUST0408,Yash Jain,Female,38,36-45,Pune,Maharashtra,Premium,2025-10-02
CUST0409,Rutvik Sharma,Male,35,26-35,Chennai,Tamil Nadu,Family,2025-01-17
CUST0410,Tanvi Rao,Male,61,56+,Surat,Gujarat,Premium,2023-02-25
CUST0411,Ishan Das,Male,36,36-45,Delhi,Delhi,Business,2025-04-17
CUST0412,Sahil Singh,Female,33,26-35,Pune,Maharashtra,Regular,2023-11-12
CUST0413,Yashvi Dave,Female,46,46-55,Jaipur,Rajasthan,Regular,2025-09-08
CUST0414,Neha Jain,Female,41,36-45,Surat,Gujarat,Family,2023-06-24
CUST0415,Yashvi Desai,Female,59,56+,Jaipur,Rajasthan,Business,2023-04-01
CUST0416,Niraj Gupta,Male,45,36-45,Delhi,Delhi,Family,2023-01-22
CUST0417,Raj Desai,Male,46,46-55,Ahmedabad,Gujarat,Business,2025-03-12
CUST0418,Pv Singh,Male,19,18-25,Kolkata,West Bengal,Regular,2023-08-03
CUST0419,Pooja Verma,Female,64,56+,Bangalore,Karnataka,Family,2024-12-14
CUST0420,Nisha Patel,Female,51,46-55,Kolkata,West Bengal,Premium,2024-12-14
CUST0421,Priya Kapoor,Male,38,36-45,Delhi,Delhi,Regular,2024-09-06
CUST0422,Manoj Kapoor,Male,39,36-45,Delhi,Delhi,Family,2023-12-03
CUST0423,Meera Singh,Female,53,46-55,Bangalore,Karnataka,Family,2024-11-08
CUST0424,Manisha Desai,Female,43,36-45,Bangalore,Karnataka,Premium,2024-01-17
CUST0425,Ritu Sharma,Female,19,18-25,Jaipur,Rajasthan,Premium,2024-02-09
CUST0426,Arjun Kapoor,Male,18,18-25,Hyderabad,Telangana,Regular,2024-02-26
CUST0427,Mohita Jain,Female,52,46-55,Bangalore,Karnataka,Regular,2025-01-19
CUST0428,Manisha Verma,Female,34,26-35,Kolkata,West Bengal,Premium,2025-12-16
CUST0429,Manav Rao,Male,55,46-55,Delhi,Delhi,Business,2024-12-13
CUST0430,Isha Mehta,Female,57,56+,Jaipur,Rajasthan,Regular,2023-06-23
CUST0431,Riyo Verma,Male,33,26-35,Pune,Maharashtra,Premium,2023-08-28
CUST0432,Yashvi Singh,Female,44,36-45,Jaipur,Rajasthan,Family,2023-10-10
CUST0433,Meera Dave,Female,49,46-55,Surat,Gujarat,Business,2023-12-21
CUST0434,Nitin Rao,Male,26,26-35,Bangalore,Karnataka,Business,2024-10-06
CUST0435,Karan Singh,Female,18,18-25,Kolkata,West Bengal,Premium,2023-10-07
CUST0436,Shital Rao,Female,61,56+,Kolkata,West Bengal,Family,2025-05-01
CUST0437,Komal Pandya,Female,23,18-25,Jaipur,Rajasthan,Regular,2023-03-05
CUST0438,Riya Benerajee,Female,35,26-35,Hyderabad,Telangana,Regular,2024-08-14
CUST0439,Janavi Joshi,Female,54,46-55,Delhi,Delhi,Regular,2024-07-02
CUST0440,Kavya Vyas,Male,64,56+,Kolkata,West Bengal,Business,2024-03-23
CUST0441,Anita Patel,Female,20,18-25,Kolkata,West Bengal,Regular,2024-06-22
CUST0442,Aarti Pandya,Female,33,26-35,Hyderabad,Telangana,Family,2024-12-19
CUST0443,Nirav Joshi,Male,57,56+,Bangalore,Karnataka,Business,2024-02-28
CUST0444,Mira Kapoor,Female,52,46-55,Pune,Maharashtra,Business,2023-12-11
CUST0445,Parth Desai,Male,54,46-55,Pune,Maharashtra,Family,2025-11-19
CUST0446,Aarav Desai,Male,44,36-45,Mumbai,Maharashtra,Family,2024-07-21
CUST0447,Nitin Jain,Female,33,26-35,Bangalore,Karnataka,Premium,2024-10-21
CUST0448,Mira Singh,Female,27,26-35,Jaipur,Rajasthan,Premium,2024-07-04
CUST0449,Harshita Kapoor,Female,22,18-25,Delhi,Delhi,Business,2025-04-05
CUST0450,Yash Kavar,Male,47,46-55,Kolkata,West Bengal,Premium,2024-11-01
CUST0451,Komal Menon,Female,58,56+,Ahmedabad,Gujarat,Family,2023-05-10
CUST0452,Arjun Verma,Female,45,36-45,Hyderabad,Telangana,Business,2025-10-10
CUST0453,Yash Rao,Female,53,46-55,Jaipur,Rajasthan,Regular,2023-09-25
CUST0454,Rahul Kavar,Male,20,18-25,Delhi,Delhi,Premium,2025-07-30
CUST0455,Karan Vyas,Male,47,46-55,Mumbai,Maharashtra,Business,2025-05-26
CUST0456,Mahek Verma,Female,28,26-35,Pune,Maharashtra,Regular,2023-07-11
CUST0457,Depali Desai,Female,41,36-45,Bangalore,Karnataka,Family,2023-04-17
CUST0458,Rutavi Jain,Female,45,36-45,Delhi,Delhi,Regular,2023-07-14
CUST0459,Harshita Desai,Female,26,26-35,Jaipur,Rajasthan,Regular,2024-04-08
CUST0460,Aarav Singh,Male,18,18-25,Ahmedabad,Gujarat,Premium,2023-09-04
CUST0461,Amit Pandav,Male,22,18-25,Hyderabad,Telangana,Regular,2025-02-23
CUST0462,Vikas Divyakirti,Male,38,36-45,Ahmedabad,Gujarat,Family,2024-09-04
CUST0463,Devraj Desai,Male,22,18-25,Surat,Gujarat,Premium,2023-01-18
CUST0464,Mansi Singh,Female,40,36-45,Hyderabad,Telangana,Family,2023-11-07
CUST0465,Janvi Patel,Female,23,18-25,Delhi,Delhi,Business,2023-10-14
CUST0466,Shiv Gupta,Male,45,36-45,Ahmedabad,Gujarat,Family,2023-10-14
CUST0467,Jay Kapoor,Male,53,46-55,Jaipur,Rajasthan,Business,2024-08-06
CUST0468,Kavita Kapoor,Female,31,26-35,Surat,Gujarat,Business,2025-11-09
CUST0469,Navik Singh,Male,59,56+,Mumbai,Maharashtra,Family,2024-05-05
CUST0470,Harsh Shah,Female,49,46-55,Jaipur,Rajasthan,Business,2023-05-26
CUST0471,Aeron Joshi,Male,26,26-35,Chennai,Tamil Nadu,Premium,2025-05-11
CUST0472,Rahul Das,Male,22,18-25,Mumbai,Maharashtra,Regular,2023-05-19
CUST0473,Pooja Vyas,Female,21,18-25,Chennai,Tamil Nadu,Premium,2025-11-03
CUST0474,Manish Vyas,Male,62,56+,Chennai,Tamil Nadu,Business,2023-06-18
CUST0475,Harsh Reddy,Male,23,18-25,Pune,Maharashtra,Business,2023-06-11
CUST0476,Pooja Kapoor,Female,43,36-45,Jaipur,Rajasthan,Family,2023-05-16
CUST0477,Mir Singh,Male,21,18-25,Hyderabad,Telangana,Premium,2023-06-26
CUST0478,Prem Desai,Male,57,56+,Jaipur,Rajasthan,Regular,2023-04-23
CUST0479,Riya Das,Female,18,18-25,Bangalore,Karnataka,Business,2023-01-24
CUST0480,Tej Gupta,Male,28,26-35,Ahmedabad,Gujarat,Regular,2023-09-17
CUST0481,Harsh Patel,Female,39,36-45,Chennai,Tamil Nadu,Regular,2024-07-11
CUST0482,Anita Das,Female,49,46-55,Kolkata,West Bengal,Family,2025-11-12
CUST0483,Jay Das,Male,41,36-45,Bangalore,Karnataka,Family,2024-06-06
CUST0484,Pujan Shah,Male,65,56+,Surat,Gujarat,Regular,2023-01-06
CUST0485,Mansi Mehta,Male,48,46-55,Ahmedabad,Gujarat,Regular,2025-02-23
CUST0486,Mahek Jain,Female,53,46-55,Chennai,Tamil Nadu,Business,2024-04-04
CUST0487,Neha Joshi,Male,35,26-35,Delhi,Delhi,Family,2025-02-02
CUST0488,Deepali Patel,Female,32,26-35,Surat,Gujarat,Business,2023-04-05
CUST0489,Mir Rao,Male,37,36-45,Ahmedabad,Gujarat,Business,2023-06-26
CUST0490,Tanvi Sharma,Male,30,26-35,Pune,Maharashtra,Premium,2024-09-14
CUST0491,Jayraj Jain,Male,41,36-45,Jaipur,Rajasthan,Family,2025-10-07
CUST0492,Sneha Joshi,Female,18,18-25,Chennai,Tamil Nadu,Regular,2023-02-18
CUST0493,Aarti Vyas,Female,39,36-45,Mumbai,Maharashtra,Regular,2025-02-09
CUST0494,Kavya Rao,Male,31,26-35,Surat,Gujarat,Family,2024-05-02
CUST0495,Priya Jain,Female,63,56+,Pune,Maharashtra,Business,2023-07-10
CUST0496,Harshita Mehta,Female,47,46-55,Delhi,Delhi,Regular,2023-07-15
CUST0497,Kishan Desai,Male,55,46-55,Jaipur,Rajasthan,Family,2023-05-08
CUST0498,Mansi Vyas,Female,36,36-45,Pune,Maharashtra,Business,2024-10-07
CUST0499,Raj Jain,Male,46,46-55,Pune,Maharashtra,Regular,2024-04-23
CUST0500,Rohini Rao,Female,27,26-35,Delhi,Delhi,Premium,2023-12-03
